BBG004S68758|Башнефть
BBG004TC84Z8|ТрубнаяМеталлургическаяКомпания
BBG004730JJ5|МосковскаяБиржа
BBG004S686N0|Башнефть—привилегированныеакции
BBG008F2T3T2|РУСАЛ
BBG000RJL816|Таттелеком
BBG000VKG4R5|МРСКУрала
BBG004731489|Норильскийникель
BBG000TJ6F42|МРСКСеверо-Запада
BBG000Q7GG57|ТГК-2
BBG0029SFXB3|ПАО«КАЗАНЬОРГСИНТЕЗ»
BBG004S687G6|МОЭСК
BBG005D1WCQ1|QIWI
BBG000FWGSZ5|КорпорацияИРКУТ
BBG000N16BP3|ИСКЧ
BBG004S686W0|Юнипро
BBG004S68FR6|Мечел—Привилегированныеакции
BBG0029SG1C1|ПАО«КАЗАНЬОРГСИНТЕЗ»—акциипривилегированные
BBG000NLC9Z6|Ленэнерго
BBG00475K2X9|РусГидро
BBG004S685M3|Ростелеком—Привилегированныеакции
BBG006L8G4H1|Yandex
BBG004S68614|АФКСистема
BBG000BX7DH0|ТНСэнергоВоронеж
BBG004730ZJ9|БанкВТБ
BBG004731354|Роснефть
BBG000GQSRR5|Нижнекамскнефтехим
BBG000RMWQD4|En+Group
BBG000RP8V70|ЧМК
BBG00475JZZ6|ФСКЕЭС
BBG004730RP0|Газпром
BBG000NLHR27|БанкВозрождение—акциипривилегированные
BBG002B2J5X0|СаратовскийНПЗ—акциипривилегированные
BBG004S68696|Распадская
BBG000K3STR7|Аптечнаясеть36,6
BBG00475K6C3|Северсталь
BBG001M2SC01|EtalonGroupPLC
BBG000KTF667|Российскиесети—акциипривилегированные
BBG0014PFYM2|Русгрэйн
BBG0047315Y7|СбербанкРоссии—привилегированныеакции
BBG00VPKLPX4|PetropavlovskPLC
BBG000PKWCQ7|МРСКВолги
BBG000Q49F45|ЧТПЗ
BBG000QW1WH0|Кузбасскаятопливнаякомпания
BBG004S68B31|АЛРОСА
BBG002458LF8|Селигдар
BBG000RTHVK7|ГруппаЧеркизово
BBG000W325F7|Русскаяаквакультура
BBG004S687W8|Мосэнерго
BBG004S68829|Татнефть—привилегированныеакции
BBG0047315D0|Сургутнефтегаз
BBG000DBD6F6|Калужскаясбытоваякомпания
BBG000QFH687|ТГК-1
BBG00B8NN386|ГородскиеИнновационныеТехнологии
BBG000F6YP24|ЭнелРоссия
BBG00HY6V6H5|ГТМ
BBG00178PGX3|MAIL.RU
BBG00F9XX7H4|РуссНефть
BBG003LYCMB1|САФМАР
BBG004S688G4|Акрон
BBG004RVFCY3|Магнит
BBG007N0Z367|РусАгро
BBG00F40L971|ФинансоваягруппаБУДУЩЕЕ
BBG000LNHHJ9|КАМАЗ
BBG000SK7JS5|Лензолото
BBG0018X6YV1|ТрансКонтейнер
BBG000RK52V1|Втораягенерирующаякомпанияоптовогорынкаэлектроэнергии
BBG001DJNR51|РБК
BBG004S682J4|Российскиесети
BBG000VG1034|МРСКЦентраиПриволжья
BBG004731032|ЛУКОЙЛ
BBG000R607Y3|ПолюсЗолото
BBG000QJW156|БанкСанкт-Петербург
BBG004RVFFC0|Татнефть
BBG002YFXL29|ЮУНК
BBG001BBSZV8|Мультисистема
BBG000MZL2S9|Пермэнергосбыт—акциипривилегированные
BBG004S682Z6|Ростелеком
BBG00QPYJ5H0|TCSGroup
BBG004S68CV8|ВСМПО-АВИСМА
BBG000PZ0833|МГТС—акциипривилегированные
BBG004S68CP5|М.видео
BBG004730N88|СбербанкРоссии
BBG002B25NL9|АЛРОСА-Нюрба
BBG004Z2RGW8|Русолово
BBG004S68BH6|ПИК
BBG004S689R0|ФосАгро
BBG003BNWBP3|ЧЗПСН
BBG004S681B4|НЛМК
BBG004S68JR8|СОЛЛЕРС
BBG000Q7ZZY2|Объединеннаяавиастроительнаякорпорация
BBG000NL6ZD9|Иркутскэнерго
BBG000RG4ZQ4|ТГК-14
BBG00475KHX6|Транснефть
BBG004S681W1|МТС
BBG000NLB2G3|КрасныйОктябрь
BBG004S68C39|ГруппаЛСР
BBG000R466J1|Русполимет
BBG004S681M2|Сургутнефтегаз—привилегированныеакции
BBG004S68BR5|НМТП
BBG004S68507|Магнитогорскийметаллургическийкомбинат
BBG000NLCCM3|Ленэнерго—акциипривилегированные
BBG004S684M6|Газпромнефть
BBG000GQSVC2|Нижнекамскнефтехим—акциипривилегированные
BBG000V07CB8|ДЭК
BBG002BCQK67|Наука-Связь
BBG000Q7GJ60|ТГК-2—акциипривилегированные
BBG000TZGXK8|ПРОТЕК
BBG00475KKY8|НОВАТЭК
BBG000F6H7K3|Квадра
BBG000RJWGC4|Ашинскийметзавод
BBG000BN56Q9|ДетскийМир
BBG004S68598|Мечел
BBG000LWNRP3|РККЭнергияим.С.П.Королева
BBG000QQPXZ5|Лента
BBG000VJMH65|МРСКСибири
BBG001BBGNS2|ОбувьРоссии
BBG000C7P5M7|МРСКЮга
BBG008HD3V85|ОВК
BBG000MZL0Y6|Пермэнергосбыт
BBG000TY1CD1|БелугаГруппПАОао
BBG000QF1Q17|ДВМП
BBG004PYF2N3|Polymetal
BBG009GSYN76|МКБ
BBG004S68DD6|Мостотрест
BBG00BGKYH17|НКХП
BBG000LWVHN8|Дагестанскаяэнергосбытоваякомпания
BBG000VH7TZ8|МРСКЦентра
BBG0027F0Y27|ЦентральныйТелеграф—акциипривилегированные
BBG004S68473|ИнтерРАОЕЭС
BBG000BBV4M5|ЦентральныйТелеграф
BBG004S683W7|Аэрофлот
BBG00JXPFBN0|ГДРX5RetailGroup
BBG002W2FT69|АбрауДюрсо
BBG000HLJ7M4|InterDigItalInc
BBG002293PJ4|RH
BBG000CTQBF3|StarbucksCorporation
BBG000BPL8G3|MTSSystemsCorp
BBG000BH0FR6|SeattleGeneticsInc
BBG004MN1R41|Navient
BBG000BPNP00|MaximIntegratedProductsInc
BBG000BWS3F3|WinnebagoIndustriesInc
BBG000BF0K17|Caterpillar
BBG000BTGKK9|TrexCoInc
BBG000BZJQL8|IntegraLifeSciencesHoldings
BBG000BS9HN3|RogersCorp
BBG000BS5DR2|RobertHalf
BBG000BDHD29|UnivarSolutionsInc
BBG0077VNXV6|PayPalHoldings
BBG001R72SR9|UbiquitiInc
BBG001JZPSQ2|SONOSINC
BBG000FV1Z23|CrownCastle
BBG000BFDLV8|Cerner
BBG002WMH2F2|ServiceMasterGlobalHoldings
BBG000BMWKC5|KennametalInc
BBG000DZJVH0|NexstarMediaGroupInc
BBG000BQHGR6|ONEOK
BBG000BNSZP1|Mc’DONALDS
BBG000BHJSC4|BarrettBusinessServicesInc
BBG000BGRY34|CVSHealthCorporation
BBG000VMWHH5|DiscoveryCommunications(C)
BBG000BKH263|NeoGenomicsInc
BBG000QW7VC1|HCAHealthcare
BBG005YHY0Q7|JD.com
BBG000C6GN04|QuidelCorp
BBG00FH3FM15|TCR2TherapeuticsInc
BBG000C41023|UDR
BBG000L9CV04|UnitedParcelService
BBG000BBHXQ3|ArthurJ.Gallagher&Co
BBG00G4Y2DC1|SelectEnergyServicesInc
BBG00B8N0HG1|YumChinaHoldings
BBG000BXQ7R1|ChinaSouthernAirlines
BBG000LJS6B8|AllegiantTravelCo
BBG002R1CW27|Ingersoll-Rand
BBG000BWSV34|Whirlpool
BBG000C1JTL6|TotalSystemServices
BBG00HCY3Q67|WyndhamHotels&Resorts
BBG0016X4XN6|CornerstoneOnDemandInc
BBG000K4WS65|CavcoIndustriesInc
BBG000BB6KF5|MetLife
BBG000BNBPQ0|LeggMason
BBG000BSBBP1|Rollins
BBG000QY4ZD0|AgiosPharmaceuticalsInc
BBG000BTNGZ4|OmnicellInc
BBG000BR2B91|Pfizer
BBG000BWQFY7|WellsFargo&Company
BBG000P2TYL8|LPLFinancialHoldings
BBG000BG5BL8|CharlesRiverLaboratoriesInt
BBG000PN9NB9|AltairEngineeringInc
BBG000QBR5J5|DiscoverFinancialServices
BBG001K61W36|Nevro
BBG00629NGT2|TradeDeskInc/The
BBG000BJF1Z8|FedEx
BBG000FQRVM3|Waters
BBG0077SYZV6|BootBarnHoldingsInc
BBG005PXTR70|MalibuBoatsInc
BBG000FJH8W0|HanoverInsuranceGroup
BBG000P1K2X6|ChartIndustriesInc
BBG000DW76Y6|FairIsaacCorp
BBG000BJ81C1|TravelersCos
BBG009DFHWG6|Rapid7Inc
BBG000BG3445|TheCooperCompanies
BBG000HN7W02|ePlusInc
BBG000C4ZZ10|SignetJewelers
BBG002PHSYX9|DiamondbackEnergyInc
BBG000BHLYP4|CMEGROUP
BBG000BTCH57|C.H.RobinsonWorldwide
BBG000BLY663|CrocsInc
BBG000G0Z878|HartfordFinancialServices
BBG000HXJB21|iRobotCorp
BBG00L9HLWV8|MadisonSquareGardenEntertainment
BBG000BGKTF9|CapitalOne
BBG000BJL3N0|FifthThirdBancorp
BBG000QGWY50|BluebirdBioInc
BBG007GNPYY7|AlarmcomHoldingsInc
BBG000BPD168|Merck
BBG000BHLYS1|ConsolidatedEdison
BBG0014XR0N5|CheggInc
BBG000BNNKG9|Masco
BBG000BH3GZ2|Yum!
BBG000TJM7F0|KeurigDrPepper
BBG000M1R011|ServiceNowInc
BBG000BLZRJ2|MorganStanley
BBG000C0F570|Xilinx
BBG000BDNV95|Brady
BBG000F5VVB6|Nasdaq
BBG000Q1KFH4|WesternAllianceBancorp
BBG000HD3DW5|WintrustFinancial
BBG0084BBZY6|SolarEdgeTechnologiesInc
BBG006MDLY05|GoDaddyInc
BBG000BNY197|MethodeElectronicsInc
BBG000K3BC83|LIthiaMotorsInc
BBG000QCG7M7|VirtusaCorp
BBG001Z0Q6T5|MurphyUSAInc
BBG000DWG505|BerkshireHathaway
BBG000BS48J3|RepligenCorporation
BBG007FL7ZD2|SPXFLOWInc
TCS00JH9TZ56|ApergyCorporation
BBG000C2ZCH8|SempraEnergy
BBG000BV59Y6|TeleflexInc
BBG0064N0ZZ5|PaycomSoftwareInc
BBG000HS77T5|VerizonCommunications
BBG000BJQK11|FerroCorp
BBG0078W3NQ3|HewlettPackardEnterprise
BBG000C4SKT1|DycomIndustriesInc
BBG0022FMPD5|EverbridgeInc
BBG000BLNNH6|IBM
BBG000BGPQW1|CalavoGrowersInc
BBG000BBHPV4|SykesEnterprisesInc
BBG000GXZ4W7|ANSYS
BBG000C136Z8|NetScoutSystemsInc
BBG000BS1YV5|Take-TwoInteractiveSoftware
BBG000BP1152|CienaCorp
BBG000Q5ZRM7|DigitalRealty
BBG00DYPZ4T0|BrighthouseFinancial
BBG000CHPMY5|JohnBSanfilippo&SonInc
BBG000BM0QL7|Smith&WessonBrands
BBG00BTK1DT8|CortexymeInc
BBG000C3KB84|GlacierBan
BBG000HT5MG6|VandaPharmaceuticalsInc
BBG000BWXBC2|Wal-MartStores
BBG009NRSWJ4|ZillowGroupInc
BBG000GQPB11|MercadoLibreInc
BBG000BWHD54|VornadoRealtyTrust
BBG000BSZ738|SelectiveInsuranceGroup
BBG000PXGT62|TempurSealyInternationalInc
BBG0059KNH10|ChangeHealthcareInc
BBG000BMDBZ1|JBHunt
BBG000BH5DV1|Intuit
BBG000BD53V2|WoodwardInc
BBG000DPKKK0|AmericanFinancialGroup
BBG000C1BCK2|NeogenCorp
BBG001QD41M9|Aptiv
BBG000LNL298|NuVasiveInc
BBG006473QX9|AppleHospitalityREITInc
BBG000BPBTL2|ChoiceHotelsInternationalIn
BBG00L0YTFN8|FocusFinancialPartnersInc
BBG000CXYSZ6|F5Networks
BBG000BB88K4|Group1AutomotiveInc
BBG000BP3PW7|MesaLaboratoriesInc
BBG000BLH3P8|HarscoCorp
BBG000BHPL78|Equifax
BBG000HCXFS4|JohnsonOutdoorsInc
BBG000BC33T9|AlexandriaRealEstateEquities
BBG000BKQDQ7|GibraltarIndustriesInc
BBG001V9NSB4|EnantaPharmaceuticalsInc
BBG005ZVK9P2|Q2HoldingsInc
BBG000BCBYT2|VerintSystemsInc
BBG000QDJT53|GreenDotCorp
BBG000BNDN65|Lowe’s
BBG000CBMH27|MGICInvestmentCorp
BBG001C7TST4|Splunk
BBG000JG0547|AutomaticDataProcessing
BBG001J1QN87|InterceptPharmaceuticalsInc
BBG000BBTJZ1|ErieIndemnItyCo
BBG000C1HN22|IDEXCorp
BBG000BV95H9|TimkenCoThe
BBG000CJ2181|RelianceSteel&AluminumCo
BBG00209SZJ7|InspireMedicalSystemsInc
BBG006D97VY9|GuardantHealthInc
BBG000N9MNX3|TeslaMotors
BBG00HFWVGN0|MicroFocus
BBG000GZQ728|ExxonMobilCorporation
BBG000DV7MX4|ONSemiconductorCorp
BBG000GQJPZ0|MicroStrategyInc
BBG0063GCHH8|ShakeShackInc
BBG000FTLBV7|IovanceBiotherapeuticsInc
BBG000CSZKR2|АДРМТС
BBG000BRRG02|PVH
BBG000BFS7D3|TheCloroxCompany
BBG000BW6P59|UnitedStatesCellularCorp
BBG000DGLTG5|DolbyLaboratoriesInc
BBG000BFC848|Knight-SwiftTransportation
BBG000BBL0Y1|AlaskaAirGroup
BBG000BX24N8|WestPharmaceuticalServicesI
BBG000BWNV93|WD-40Co
BBG000BT41Q8|Schlumberger
BBG000BS5CM9|BostonProperties
BBG000D7JKW9|CoStarGroupInc
BBG001NFKJ68|NewRelicInc
BBG000BVMPN3|TRowePriceGroup
BBG0043BYPB8|PagerdutyInc
BBG000CL9JV4|SYNNEXCorp
BBG005DXJS36|TCSGroup(TinkoffBankholder)
BBG000DTT624|AtrionCorp
BBG000BFVXX0|CMSEnergyCorporation
BBG0021PH456|InogenInc
BBG000BY2Y78|Invesco
BBG000BDCM24|VericelCorp
BBG000BH5LT6|Transocean
BBG000C3TKY6|Parsons
BBG000BFV758|ManhattanAssociatesInc
BBG000BRXP69|EdwardsLifesciences
BBG000R23VW8|InphiCorp
BBG000C1XKF6|PinnacleFinancialPartnersIn
BBG004PQN2M2|BMCStockHoldingsInc
BBG000FFC0B3|NewYorkTimes
BBG00KR691K8|CovetrusInc
BBG000CXQTZ3|RavenIndustriesInc
BBG000C0BZD1|Monro
BBG000C4Z6C2|WattsWaterTechnologiesInc
BBG000CQV2N4|ICUMedicalInc
BBG000BX72V8|NetEaseInc
BBG000BR2040|TriNetGroupInc
BBG000QM0RZ4|PrestigeConsumerHealthcareI
BBG000BB1TH9|Fluor
BBG004S641N5|BurlingtonStoresInc
BBG000DW4Q75|AlliantEnergy
BBG000JLC8L8|SimpsonManufacturingCoInc
BBG00341H6M0|GlobalBloodTherapeuticsInc
BBG000BLXT19|ImmunomedicsInc
BBG000BQ87N0|EversourceEnergy
BBG00GFMPRK0|AlticeUSAInc
BBG000C19QW1|ChemedCorp
BBG000BQ74K1|NorthernTrust
BBG000BKXYX5|DeckersOutdoorCorp
BBG000LF8708|TakedaPharmaceuticalCoLtd
BBG000C496P7|ViacomCBSInc.
BBG000C7LMS8|AutoZone
BBG00D0Y81M1|AshlandGlobalHoldingsInc
BBG000R7Z112|DeltaAirLines
BBG000P458P3|Domino’sPizzaInc
BBG000KK1L04|ANIPharmaceuticalsInc
BBG000BPH459|MicrosoftCorporation
BBG000DQTXY6|D.R.Horton
BBG000C30L48|MonolithicPowerSystems
BBG004T7VS53|FoxFactoryHoldingCorp
BBG00B0FS947|WillScotMobileMiniHoldings
BBG000BB8PG1|WRGrace&Co
BBG00LPTHYD5|KontoorBrandsInc
BBG000F02T51|CableOne
BBG000C4HKK2|SkechersU.S.A.Inc
BBG000F86GP6|Moody’s
BBG00SSQFPK6|Aon
BBG000BM2FL9|EnergyTransferLP
BBG000CGQ4F7|Morningstar
BBG000BHY4D9|ProsperityBancshares
BBG000BV4XJ1|UnitedTherapeuticsCorp
BBG000BT3HG5|ZuoraInc
BBG000D7HF89|SonocoProductsCo
BBG000D9H9F1|MyriadGeneticsInc
BBG000K88H58|FTIConsultingInc
BBG000BN8ZK8|DarlingIngredientsInc
BBG000BLFNC0|GreifInc
BBG0088CYPX8|NielsenHoldingsplc
BBG000BB5792|RoyalCaribbeanCruises
BBG000C1S2X2|VertexPharmaceuticals
BBG000BLSL58|InternationalFlavors&Fragrances
BBG006G2JVL2|Alibaba
BBG000BYQ0B1|TTMTechnologiesInc
BBG000BBBNC6|AflacIncorporated
BBG000BJ0932|MonarchCasino&ResortInc
BBG000G3QLY3|AmeripriseFinancial
BBG000BLPBL5|AvalonBayCommunities
BBG00658F3P3|SynchronyFinancial
BBG000BD1HP2|WRBerkley
BBG000RGM5P1|TEConnectivity
BBG000QCW561|VEON
BBG000BKVJK4|Hasbro
BBG008N298Y8|WingstopInc
BBG004KB3S72|EsperionTherapeuticsInc
BBG000BL79J3|UrbanOutfitters
BBG000C3GN47|CabotOil&Gas
BBG004HXD0G8|GlobalNetLeaseInc
BBG000BR3KL6|Parker-Hannifin
BBG000D7RKJ5|EdisonInternational
BBG000BK9W84|Graco
BBG000BZCKH3|MettlerToledo
BBG000BJ26K7|Albemarle
BBG000BMQPL1|KeyCorp
BBG000BPWGR1|NordsonCorp
BBG000BFNR17|AllianceDataSystems
BBG000GX14P2|AeroVironmentInc
BBG000BLN497|SKTelecomCo.
BBG000RTDY25|MSCIInc
BBG000FKJRC5|TheEsteeLauderCompanies
BBG000BVMGF2|TheAllstateCorporation
BBG000BJW241|EagleMaterialsInc
BBG000NWQ9S5|CardiovascularSystemsInc
BBG000WCFV84|LyondellBasell
BBG000BCTLF6|BankofAmericaCorp
BBG00R2NHQ65|OvintivInc.
BBG000BBPFB9|AppliedMaterials
BBG000P5JQX6|eHealthInc
BBG000BH4R78|WaltDisney
BBG0026ZDHR0|AnaptysBioInc
BBG000C2PW58|BlackRock
BBG000RVD346|AmericanPublicEducationInc
BBG008HNHZ07|NationalWesternLifeGroupIn
BBG000B9XRY4|Apple
BBG000BSXQV7|Sherwin-Williams
BBG000BSBZH7|RossStores
BBG000BCVJ77|BaxterInternational
BBG000NV1KK7|DollarGeneral
BBG000BR14K5|Chubb
BBG000BJ5HK0|AcuityBrands
BBG000BDGHD9|BadgerMeterInc
BBG001YV1SM4|OktaInc
BBG000BBNYF6|DardenRestaurants
BBG000C0LW92|BostonScientificCorporation
BBG000GZYVY1|JackintheBox
BBG000BWVCP8|TheWilliamsCompanies
BBG001RWPDW6|UltragenyxPharmaceuticalInc
BBG000BKDWB5|AsburyAutomotiveGroupInc
BBG00GX77LW3|BlackKnightInc
BBG000BWGYF8|VulcanMaterials
BBG000J79P80|SensientTechnologiesCorp
BBG006Q0HY77|CitizensFinancialGroup
BBG000BQY289|Patterson
BBG000Q0SZJ2|LogMeInInc
BBG000BLBVN4|Booking
BBG000BL8804|HostHotels&Resorts
BBG000QY3XZ2|Expedia
BBG001HRFJG4|ZendeskInc
BBG000C2VBB0|PTCInc
BBG000PKZDX4|KaiserAluminumCorp
BBG000N746D6|ETRADEFinancialCorporation
BBG000BJSBJ0|NextEraEnergy
BBG000BGD7W6|MarriottInternational
BBG000BN5LG7|ValeSA
BBG000CL1FG7|BrukerCorp
BBG000P5LMQ0|SaiaInc
BBG000BQQ2S6|OccidentalPetroleum
BBG000BSLZY7|TheCharlesSchwabCorporation
BBG0016XJ8S0|TALEducationGroup
BBG000BNWG87|Medtronic
BBG00B6KGNN1|HostessBrandsInc
BBG009XW2WB8|PerformanceFoodGroupCo
BBG008GC8CP6|AppfolioInc
BBG000BCZYD3|Becton,DickinsonandCompany
BBG000CL9VN6|Netflix
BBG000BYYLS8|TruistFinancialCorporation
BBG000BS73J1|RaymondJamesFinancial
BBG000BFWF13|PapaJohn’sInternationalInc
BBG000F4F1N0|MeritageHomesCorp
BBG000L69KL5|TucowsInc
BBG000PCNQN7|ChinaTelecom
BBG00BLVZ228|Fortive
BBG006G063F9|IHSMarkit
BBG000C42VX0|MerItMedicalSystemsInc
BBG000C4GBR6|NETGEARInc
BBG000DN4ZT1|TexasCapitalBancsharesInc
BBG000BDJL83|FactSetResearchSystemsInc
BBG000BB8SW7|PackagingCorpofAmerica
BBG005CHLM96|EvolentHealthInc
BBG007TJF1N7|Qorvo
BBG000C0G1D1|IntelCorporation
BBG000BB5B84|LennoxInternationalInc
BBG009LM28K6|IngevityCorp
BBG000BQBYR3|NVRInc
BBG000BF8CB6|NationalBeverageCorp
BBG000CM6L31|America’sCar-MartIncTX
BBG000G7W420|LHCGroupInc
BBG000VDC3G9|ZogenixInc
BBG000BL30Y9|MovadoGroupInc
BBG000F369C7|EncoreCapitalGroupInc
BBG000BCQ4P6|AveryDennison
BBG000C8H633|MarathonOil
BBG000BQ8KV2|Nucor
BBG000BSS5C0|StifelFinancial
BBG00HQ77DS2|CargurusInc
BBG000BFXHL6|Mosaic
BBG000CC7LQ7|ZebraTechnologiesCorp
BBG000R8ZVD1|LululemonAthleticaInc
BBG000BHCYJ1|NektarTherapeutics
BBG000BC2KW8|KiteRealtyGroupTrust
BBG000PRQ0V9|VishayPrecisionGroupInc
BBG008HNS333|BaozunInc
BBG000C1FB75|IntercontinentalExchange
BBG000BGPTV6|Cummins
BBG000C75N77|ComericaIncorporated
BBG000PTLGZ1|LearCorp
BBG005XVXML5|ShockwaveMedicalInc
BBG000VC0T95|WorkdayInc
BBG001D0HB36|FreshpetInc
BBG000HT5G06|QualysInc
BBG000GMGNB3|RBCBearingsInc
BBG000VPGNR2|CharterCommunications
BBG00KXRCDP0|Cigna
BBG009H04M17|PlanetFItnessInc
BBG000QTFDQ4|AtkoreInternationalGroupInc
BBG000QXSSS6|RoyalDutchShell(A)
BBG000TVRB50|LendingTreeInc
BBG000BNPSQ9|Incyte
BBG00JHNJW99|Twenty-FirstCenturyFox(A)
BBG002ZCK2V9|ShutterstockInc
BBG001Y04TN6|VaronisSystemsInc
BBG000PV27K3|ExtraSpaceStorage
BBG000D0FNV3|WESCOInternationalInc
BBG00KHGQ0H4|HeadHunterGroupPLC
BBG00RP60KV0|OtisWorldwide
BBG000H556T9|Honeywell
BBG000C1BW00|LockheedMartin
BBG000P1B7C8|ProvidenceServiceCorpThe
BBG000BG7L34|RayonierInc
BBG00M4RHBD0|RevolveGroupInc
BBG000BCJ161|SareptaTherapeuticsInc
BBG000N7KJX8|DocuSignInc
BBG00KMYC574|PluralsightInc
BBG000F61RJ8|AECOM
BBG000R4Y9C1|AvalaraInc
BBG005CPNTQ2|KraftHeinz
BBG000N7MZ06|HubSpotInc
BBG000R3RKT8|BioTelemetryInc
BBG000BNJHS8|SouthwestAirlines
BBG000BKTXF2|BeaconRoofingSupplyInc
BBG000QKNLB2|RedRiverBancshares
BBG001M8HHB7|TripAdvisor
BBG000BNPS52|TrimbleInc
BBG000BD2NY8|Brown-Forman
BBG000DQBZJ7|AdtalemGlobalEducationInc
BBG00H1CY328|PetIQInc
BBG000BQDF10|LeviStrauss&Co
BBG000BGTX98|MobileMiniInc
BBG000NSCNT7|PrincipalFinancialGroup
BBG00333FYS2|IQVIAHoldingsInc
BBG004M9ZHX5|LyftInc
BBG000CTM4J9|Carter’sInc
BBG000BPXVJ6|RepublicServices
BBG000BNTW77|PRAGroupInc
BBG000BK67C7|GeneralDynamics
BBG000TRJ294|AmericanWaterWorks
BBG009S39JX6|AlphabetClassA
BBG000C22QV7|SealedAir
BBG000BKXBV7|ArenaPharmaceuticalsInc
BBG000F7RCJ1|AdvanceAutoParts
BBG001BP77C3|QADInc
BBG000C1XVK6|EverestReGroup
BBG000BQC9V2|NewellBrands
BBG000BHB3M6|Dover
BBG000D898T9|CardinalHealth
BBG000BXNJ07|CypressSemiconductorCorp
BBG000BBVJZ8|DevonEnergy
BBG006JS5785|CareDxInc
BBG000BP4MH0|Marsh&McLennan
BBG000BL9C59|Macerich
BBG00B6WH9G3|MatchGroupInc
BBG000BNHSP9|JefferiesFinancialGroup
BBG000BP8Z50|MotorolaSolutions
BBG0035LY913|NewsCorp(A)
BBG00B6G7GL7|AxsomeTherapeuticsInc
BBG000DBVBY4|EatonVance
BBG000J0D904|BigLotsInc
BBG001J2M542|VeracyteInc
BBG000BBQCY0|AMD
BBG000BP30Y0|Evercore
BBG001B4BV87|FortuneBrandsHome&Security
BBG000BPBVW5|CognexCorp
BBG00FYCQ352|ProPetroHoldingCorp
BBG000K82ZT8|CheckPointSoftwareTechnologiesLtd
BBG000BKQG80|IACInterActiveCorp
BBG000BCMBG4|FortinetInc
BBG000BLCPY4|Helmerich&Payne
BBG00K53L394|EquitransMidstreamCorporation
BBG000BX2YN2|WolverineWorldWideInc
BBG000BHFHP8|DomtarCorp
BBG00MJDR6J9|LegacyHousingCorp
BBG00HY28P97|GarrettMotionInc
BBG000C04224|CBREGroup
BBG000BCFNR4|ChinaEasternAirlines
BBG006B6PVN9|CDKGlobal
BBG006Q52RD0|LantheusHoldingsInc
BBG000DCGRL8|IPGPhotonicsCorporation
BBG000CMRVH1|AluminumCorpofChina
BBG000BJX8C8|NationalOilwellVarco
BBG000BR2TH3|Procter&Gamble
BBG000BFD605|CentralGarden&PetCo
BBG000BZX1N5|Assurant
BBG000BLF8D2|HormelFoods
BBG000FV28W9|GrandCanyonEducationInc
BBG00JRH1P95|CactusInc
BBG00GQK3WB5|SmartsheetInc
BBG000GW06J7|EmergentBioSolutionsInc
BBG000Q3JN03|RegionsFinancial
BBG000BF8CN3|AndersonsInc
BBG000NJGX84|AddusHomeCareCorp
BBG00R4ZKPN5|Natura&CoHoldingS.A.
BBG000R7RDB4|ConchoResources
BBG000FFDM15|USBancorp
BBG000BKCFC2|GeneralMills
BBG001P63B80|CDWCorp
BBG000BL9JQ1|HollyFrontier
BBG000D9V7T4|Aaron’sInc
BBG000BKYVF0|HealthcareServicesGroupInc
BBG000FX3Y66|PGTInnovationsInc
BBG003PS7JV1|Allegion
TCS000C8NJ10|PolyOneCorp
BBG000BX57K1|DentsplySirona
BBG000H8R0N8|RexnordCorp
BBG0082W8Q12|GCPAppliedTechnologiesInc
BBG000BP0HX7|SupernusPharmaceuticalsInc
BBG000BC2C10|Apache
BBG000BWFH48|HeskaCorp
BBG000CZ8W54|HalozymeTherapeuticsInc
BBG000BMHYD1|Johnson&Johnson
BBG000BX5YM0|HuanengPowerInternational
BBG000MM2P62|Facebook
BBG000BWNFZ9|WesternDigital
BBG00JH9TZ56|ChampionXCorporation
BBG00RP5HYS8|CarrierGlobal
BBG00212PVZ5|PureStorageInc
BBG00JM7QBR6|PagseguroDigitalLtd
BBG000BV0VK7|Telephone&DataSystemsInc
BBG001KHJM17|Five9Inc
BBG000BHR1H9|SinopecShanghaiPetrochemical
BBG000BRJ809|PPGIndustries
BBG000BK5DP1|TEGNA
BBG000BT5PG5|ScottsMiracle-GroCoThe
BBG000BS7KS3|MolsonCoorsBrewing
BBG000BHCP19|MicrochipTechnology
BBG000BQZMH4|PublicServiceEnterpriseGroup
BBG000BMY992|Kroger
BBG0058KMH30|Hilton
BBG000DM2BF3|SleepNumberCorp
BBG000BJBZ23|MarketAxessHoldingsInc
BBG000B9Z0J8|Prologis
BBG000PWTD92|EnerSys
BBG000BGYMH7|MartinMariettaMaterials
BBG000BV8DN6|TJX
BBG000BTQR96|StanleyBlack&Decker
BBG000BQLM34|GenthermInc
BBG00BN96922|DowInc
BBG008NVB1C0|MonsterBeverage
BBG000RYC984|Anheuser-BuschInBev
BBG000BBDV81|CognizantTechnologySolutions
BBG000R2YFG7|BoozAllenHamilton
BBG001K003W2|BandwidthInc
BBG000BND699|NXPSemiconductorsNV
BBG000CWL0F5|ExactSciencesCorp
BBG000BKLH74|Gap
BBG000PVGDH9|TataMotors
BBG000C1FQS9|EntergyCorporation
BBG000DNF659|FirstCash
BBG000L4M7F1|ResMedInc
BBG0019GM953|JELD-WENHoldingInc
BBG000HG21Y3|NuSkinEnterprisesInc
BBG00FZYFVC5|DelekUSHoldingsInc
BBG009PH3Q86|FerrariN.V.
BBG000BY29C7|Tapestry
BBG000BKPL53|ZimmerBiometHoldings
BBG000CN5CJ3|RealPageInc
BBG000BFT2L4|Comcast
BBG000BFGNJ5|AlnylamPharmaceuticalsInc
BBG005NMB2L4|AimmuneTherapeuticsInc
BBG001B12Z39|TactileSystemsTechnologyInc
BBG000BGJRC8|CSXCorp
BBG000BF6LY3|Carnival
BBG0020BCPX5|nLightInc
BBG007387YL8|PRAHealthSciencesInc
BBG000BRW644|EdgewellPersonalCareCo
BBG003PGJHP5|TaylorMorrisonHomeCorp
BBG000BLMDQ9|HexcelCorp
BBG000BPT0C6|NobleEnergy
BBG009Q036D0|GMSInc
BBG000BBX657|AmericanWoodmarkCorp
BBG00FBJ6390|UpworkInc
BBG00359HX70|AcaciaCommunicationsInc
BBG000BX3BL3|Weyerhaeuser
BBG000CKGBP2|GILEAD
BBG000BT13B3|ProtoLabsInc
BBG000BB5006|Adobe
BBG000DZK6N6|NationalInstruments
BBG000NJ96L6|Dr.Reddy’sLaboratories
BBG000BMW2Z0|Kimberly-Clark
BBG000BBKZD8|AnikaTherapeuticsInc
BBG000BY33P5|JuniperNetworks
BBG00KT2SCV8|GreenSkyInc
BBG000BFRF55|Cleveland-Cliffs
BBG00C6H6D40|USFoodsHoldingCorp
BBG000BLW102|II-VIInc
BBG00HPDM5Z2|SwitchInc
BBG000C4QP94|ProgressSoftwareCorp
BBG005Q3MQY4|AtaraBiotherapeuticsInc
BBG000BJ5SS8|NewMarketCorp
BBG000BXMFC3|UnitedRentals
BBG000BVD6X4|GlobeLifeInc
BBG000BV2BR2|TechDataCorp
BBG002583CV8|PinterestInc
BBG000BMT9T6|TeledyneTechnologiesInc
BBG000BPPN67|PublicStorage
BBG000C7TF41|HaemoneticsCorp
BBG000BRVKH0|ArrowheadPharmaceuticalsInc
BBG000BJBXZ2|ZynexInc
BBG000BF33K1|CrackerBarrelOldCountrySto
BBG001MC8YF7|BlueprintMedicinesCorp
BBG000BN46R9|AxogenInc
BBG000C5Z1S3|MicronTechnology
BBG000BKYDP9|HealthpeakPropertiesInc
BBG000BGZP70|DonaldsonCo
BBG000BCWG90|KoreaElectricPower
BBG000BVZP59|WEXInc
BBG000BX74M4|PCConnectionInc
BBG009DTD8H2|UnderArmour(C)
BBG000BVHBM1|TollBrothersInc
BBG005BLN209|NOWInc
BBG000BCGHH7|8×8Inc
BBG000BCWWV0|ColumbusMcKinnonCorp
BBG000CVWGS6|ActivisionBlizzard
BBG000G25P51|DiodesInc
BBG000C2L2L0|JonesLangLaSalleInc
BBG000BX6BJ3|AlleghanyCorp
BBG00179VSY7|VoceraCommunicationsInc
BBG000C8D8G9|BankofHawaii
BBG000BKRHQ7|AerojetRocketdyneHoldingsIn
BBG000L8CBX4|TransDigm
BBG000C3NTN5|Hologic
BBG000R33BD1|ReataPharmaceuticalsInc
BBG000BHG9K0|ACADIAPharmaceuticalsInc
BBG00BN969C1|CortevaInc
BBG001KWG293|GrubHubInc
BBG000C23KJ3|TheAESCorporation
BBG000BJP882|FMC
BBG000QSXPZ9|K12Inc
BBG000CC53X1|OshkoshCorporation
BBG000BNMHS4|ManpowerGroupInc
BBG000C46HM9|Macy’s
BBG000BKTFN2|Halliburton
BBG000D9DMK0|LabCorp
BBG000BDD940|WabtecCorp.
BBG000Q2HM09|YelpInc
BBG000QXWHD1|Baidu
BBG000BDXCJ5|CenteneCorporation
BBG000BNFLM9|LamResearch
BBG005F1DK91|G1TherapeuticsInc
BBG000FJ0RK9|LGDisplay
BBG000BLRT07|IDEXX
BBG003LFWP05|BrightHorizonsFamilySolutio
BBG000BRNLL2|AlignTechnology
BBG000BCSST7|BOEING
BBG000QP35H2|FateTherapeuticsInc
BBG0029SNR63|CapriHoldingsLimited
BBG001J2QYS9|CaraTherapeuticsInc
BBG000BSJK37|AT&T
BBG001ZZPQJ6|RokuInc
BBG000BQLTW7|Oracle
BBG000PCQQL6|QurateRetailInc
BBG000HL7499|WorthingtonIndustriesInc
BBG0078Y1D92|SyneosHealthInc
BBG000PRJ2Z9|SpiritAeroSystemsHoldings
BBG000R7XX87|InsuletCorp
BBG000CZWZ05|BioMarinPharmaceuticalInc
BBG000BQ4WF8|ExelixisInc
BBG000BHTPZ4|ScanSourceInc
BBG000C734W3|RegeneronPharmaceuticals
BBG000BR37X2|Progressive
BBG000B9ZV28|AmedisysInc
BBG001D8R5D0|Xylem
BBG000Q4XNV1|BeldenInc
BBG000BKF014|LigandPharmaceuticalsInc
BBG000PXZFW2|WestlakeChemical
BBG00R2JZG39|O-IGlass
BBG000BW8S60|RaytheonTechnologies
BBG000C2V3D6|AgilentTechnologies
BBG000BHJWG1|AxonEnterpriseInc
BBG000BBCDZ2|RockwellAutomation
BBG00JPRDQH1|BiglariHoldingsInc
BBG000GJS7C1|NeurocrineBiosciencesInc
BBG000BBXB74|BayerischeMotorenWerkeAG
BBG000BG7423|CraneCo
BBG000BGXMG9|ChurchillDownsInc
BBG000BMGPW0|J&JSnackFoodsCorp
BBG00BN961G4|DuPontdeNemoursInc
BBG000DYGNW7|McKesson
BBG001MFW6D6|Chefs’WarehouseInc
BBG000H01H92|AMCNetworksInc
BBG000C4QB95|STAARSurgicalCo
BBG0027Z6X10|SpiritRealtyCapitalInc
BBG000BFLXV3|Pilgrim’sPrideCorp
BBG000BF6756|CrownHoldingsInc
BBG000GPXKX9|FleetCorTechnologiesInc
BBG009T22D49|SiteOneLandscapeSupplyInc
BBG000F964B6|AmericanStatesWaterCo
BBG000QPHD08|AxosFinancialInc
BBG005Y3XWH9|EaglePharmaceuticalsInc
BBG000BPZVW9|NewJerseyResourcesCorp
BBG000BD8ZK0|TaiwanSemiconductorManufacturing
BBG005XZHR97|VeritivCorp
BBG000BBGQF1|AARCorp
BBG000BL9MZ4|M/IHomesInc
BBG000DBKR53|SemtechCorp
BBG000BC5WJ4|MAXIMUSInc
BBG000BQPC32|Ford
BBG00DYNJGH9|HowmetAerospace
BBG000RQ2GY7|ProofpointInc
BBG000GLG0G0|GuangshenRailway
BBG000BKFZM4|Corning
BBG000K4ND22|Chevron
BBG000TYXCT9|HealthEquityInc
BBG000CVKZY0|CorVelCorp
BBG000BTC2N0|ShenandoahTelecommunications
BBG000CCFB17|Heritage-CrystalCleanInc
BBG000BH1NH9|Deere&Company
BBG001KJ7WJ5|AeriePharmaceuticalsInc
BBG00JHNKJY8|Twenty-FirstCenturyFox
BBG000BF3G77|CommerceBancshares
BBG000BRNH31|BottomlineTechnologiesDEInc
BBG000BLMY92|Mid-AmericaApartmentCommunities
BBG000BQWPC5|PG&E
BBG000BX8DC4|FootLocker
BBG000BGZT72|AlteryxInc
BBG001BP92V1|PenumbraInc
BBG000D2ZK61|REXAmericanResourcesCorp
BBG000CX0P89|GlobalPayments
BBG005DJFD43|InvitaeCorp
BBG000BM22F5|DormanProductsInc
BBG000BPQD31|MylanNV
BBG000BKWSR6|HuntingtonBancshares
BBG000BG1SX2|Coca-ColaConsolidatedInc
BBG000H8LGK2|MEDNAXInc
BBG000D4LWF6|Mondelez
BBG0029KJVB0|BlacklineInc
BBG000B9XG87|AMETEK
BBG000BB2KN0|LandstarSystem
BBG000DY28W5|Bio-RadLaboratoriesInc
BBG000PSKYX7|Visa
BBG000BP46T2|HermanMillerInc
BBG000BBJQV0|NVIDIA
BBG0026ZG4W0|XencorInc
BBG000LR8515|SallyBeautyHoldingsInc
BBG004NLQHL0|FastlyInc
BBG000BLGFJ9|L3HarrisTechnologiesInc
BBG00225ZDD0|CardlyticsInc
BBG001KY4N87|Aramark
BBG000FQ6PY6|CitrixSystems
BBG000BXRPH1|PioneerNaturalResources
BBG000BHBGN6|ContinentalResourcesInc
BBG0035M2ZB7|NewsCorp
BBG000J6XT05|ExelonCorporation
BBG000DZS2L9|QuakerChemicalCorp
BBG000BB5373|WesternUnion
BBG0025Y4RY4|AbbVie
BBG0018SLC07|Square
BBG000BWPP85|WernerEnterprisesInc
BBG003BW05K6|ScienceApplicationsInternati
BBG00LJYS1P8|ElancoAnimalHealthInc
BBG000BL0T06|UUFPIndustries,Inc
BBG000BF0672|Casey’sGeneralStoresInc
BBG000FRVHB9|Ventas
BBG007BBS8B7|ZynerbaPharmaceuticalsInc
BBG000BCZBF1|BostonBeerCoIncThe
BBG000BGGBT8|CarlisleCompaniesIncorporated
BBG000FFH4P5|Flowserve
BBG000C8NJ10|AvientCorporation
BBG000FKMP26|AdvancedEnergyIndustriesInc
BBG000BX9WL1|ZionsBancorporation
BBG00BT7PPY8|TabulaRasaHealthCareIn
BBG000BZ9223|EOGResources
BBG000BBS2Y0|Amgen
BBG00K4MPP27|VeoneerInc
BBG000CHSS88|OldDominionFreightLineInc
BBG000BC1L02|A.O.SmithCorporation
BBG000QS6NV8|MadrigalPharmaceuticalsInc
BBG000LD9JQ8|WynnResorts
BBG000BT0CM2|SVBFinancialGroup
BBG000BJ49H3|BorgWarner
BBG000BRD0D8|PNCFinancialServices
BBG000G2GJT7|HeronTherapeuticsInc
BBG000BS4MP5|Dillard’sInc
BBG000CTV4N4|EntegrisInc
BBG000BLDV98|H&RBlock
BBG000BP0KQ8|ElectronicArts
BBG000BTT3D1|PowerIntegrationsInc
BBG000BDLCQ0|ReinsuranceGroupofAmericaI
BBG000BRXTR8|RegalBeloit
BBG00H6YFFF5|ChinaBiologicProductsHoldings
BBG000BBK401|MatsonInc
BBG000CH5208|UnitedHealth
BBG000BSFRF3|Synopsys
BBG000BJZ7V7|HBFullerCo
BBG000BWPXQ8|BritishAmericanTobacco
BBG000C5HS04|NIKE
BBG000BSHH72|SouthernCopperCorp
BBG000HGTH33|Cars.comInc
BBG000PSJMV7|TexasRoadhouseInc
BBG000D13GN8|ZillowGroupInc
BBG000DB3KT1|WillisTowersWatson
BBG000BW3299|UnionPacificCorporation
BBG000BCVG28|PoolCorp
BBG00GTWPCQ0|DelphiTechnologies
BBG0059FN811|KeysightTechnologiesInc
BBG000C15114|Bio-Techne
BBG000BDTT76|MaterionCorp
BBG000BGLRN3|CenturyLink
BBG000D9KWL9|M&TBank
BBG000BRJL00|PPL
BBG0016T3GQ0|VisteonCorp
BBG000C90DH9|IPG
BBG000BH6360|DeluxeCorp
BBG000GRZDV1|StrategicEducationInc
BBG001WWJTK5|Dave&Buster’sEntertainmentInc
BBG003DKQRK4|MyoKardiaInc
BBG000JK9DK4|Children’sPlaceIncThe
BBG000JWD753|LasVegasSandsCorp
BBG0016MQ7C5|TPICompositesInc
BBG000G6Y5W4|McCormick&Co
BBG000DFMXT3|AspenTechnologyInc
BBG0018FQNS6|PaciraBioSciencesInc
BBG000BPMH90|MurphyOil
BBG000BB9Q78|StoneridgeInc
BBG000BJ3PD2|EatonCorporation
BBG00GVR8YQ9|Linde
BBG000RJ2J04|SS&CTechnologiesHoldingsInc
BBG003H0XV18|JOYYInc
BBG000N2HDY5|AristaNetworksInc
BBG000PPFKQ7|BroadridgeFinancialSolutions
BBG000G9W6L0|HubGroupInc
BBG000MHTV89|EPAMSystems
BBG000BB65D0|Gartner
BBG000D6L294|CimarexEnergy
BBG000FLZN98|MohawkIndustries
BBG000BR54L0|PulteGroup
BBG000BB6WG8|Archer-Daniels-MidlandCompany
BBG000C43RR5|eBay
BBG000G8N9C6|Nordstrom
BBG000BN2DC2|Salesforce
BBG000H8TVT2|Target
BBG00FWQ4VD6|UltaBeauty
BBG000HGYNZ9|SteelDynamicsInc
BBG000BQT4L6|People’sUnitedFinancial
BBG000BHKYH4|Ecolab
BBG001C7PMJ2|AppianCorp
BBG000C13CD9|CadenceDesignSystems
BBG000C8L273|InfineonTechnologiesAG
BBG000BCLYL9|MSCIndustrialDirectCoInc
BBG000J3D1Y8|OraSureTechnologiesInc
BBG000MQ1SN9|DaVitaHealthCarePartners
BBG000BQVTF5|PACCAR
BBG000BR85F1|PetroChina
BBG00P33SY72|PennantGroupInc
TCS003QRSQD3|HealthInsuranceInnovations
BBG000BGYWY6|O’ReillyAutomotive
BBG000C7X325|CarlZeissMeditecAG
BBG00HXSHDQ9|FunkoInc
BBG000BGX2S0|AptarGroup
BBG007GJ2F81|Floor&DecorHoldingsInc
BBG000BJD7C2|FAROTechnologiesInc
BBG000MBHNC8|MolinaHealthcareInc
BBG000BM5SR2|InternationalPaper
BBG000QFPM65|HuazhuGroup
BBG000BS0ZF1|RalphLauren
BBG000BBGGQ1|ValeroEnergyCorporation
BBG001J4BCN4|CoupaSoftwareInc
BBG000DQLV23|Bristol-MyersSquibb
BBG000BJ2D31|SimonPropertyGroup
BBG001KFKQM7|SproutsFarmersMarketInc
BBG000BGFGT8|Littelfuse
BBG000DHPN63|RealtyIncome
BBG0014GJCT9|PaloAltoNetworks
BBG000BB4HM6|LiveRampHoldingsInc
BBG000DQN9R3|MiddlebyCorpThe
BBG000CVRFS4|HyattHotelsCorp
BBG000FW5ZL6|FIBROGENINC
BBG002NLDLV8|Vipshop
BBG000CN80Y9|CorEnergyInfrastructureTrust
BBG000BVPV84|Amazon.com
BBG000D5S4M0|PolarisIndustriesInc
BBG000FDBX90|CenterPointEnergy
BBG000BG4202|CampbellSoup
BBG0035WV4N9|ManchesterUnitedPlc
BBG000C3G9J2|WorldAcceptanceCorp
BBG0046L1KL9|StitchFix
BBG000C3FGH9|GrahamHoldingsCo
BBG000CPBCL8|OceaneeringInternationalInc
BBG000BJQWD2|AkamaiTechnologies
BBG008P7F869|DenaliTherapeuticsInc
BBG000Q4NZ54|EnvestnetInc
BBG000H6HNW3|Twitter
BBG00HVKH3Q0|ANGIHomeservicesInc
BBG000R0L5J4|Teradata
BBG0018SLDN0|DropboxInc
BBG000C101X4|AbiomedInc
BBG000BBD5N1|Sanofi
BBG005DLMMZ6|NMIHoldingsInc
BBG000BQ2C28|NorthropGrumman
BBG000CR20B1|EastWestBan
BBG000BHK836|FLIRSystems
BBG000JH6683|IonisPharmaceuticalsInc
BBG000BCG930|Anthem
BBG000BC4185|HawaiianHoldingsInc
BBG000KK3464|SeacoastBankingCorpofFlori
BBG000BC4JJ4|AirProducts&Chemicals
BBG000F3CWW7|j2GlobalInc
BBG000G1C210|OrthofixMedicalInc
BBG000BD8PN9|BankofNewYorkMellon
BBG000BXPZB7|IngredionInc
BBG00CBYY6M1|HiltonGrandVacationsInc
BBG000BVWZF9|TylerTechnologiesInc
BBG000NS3P30|ExlServiceHoldingsInc
BBG000DD8WX1|UMBFinancial
BBG000BV6R84|ThorIndustriesInc
BBG000BKNX95|GoodyearTire&Rubber
BBG000BMQCP6|KirbyCorp
BBG000BCTQ65|XcelEnergy
BBG000N7MXL8|EtsyInc
BBG000BN53G7|Leggett&Platt
BBG00FN64XT9|DXCTechnology
BBG000C4FQG6|SturmRuger&CoInc
BBG000D2ZTS8|Hanesbrands
BBG00HY28K89|ResideoTechnologiesInc
BBG000BPRN29|OntoInnovationInc
BBG003338H34|ZscalerInc
BBG000BQV1S2|SynapticsInc
BBG0039320N9|Zoetis
BBG000BM6N47|TurtleBeachCorp
BBG000BB6G37|AnalogDevices
BBG000BC9938|VMwareInc
BBG000BW6JV4|IntegerHoldingsCorp
BBG000C17X76|Biogen
BBG007BVZ8H9|WorkivaInc
BBG000CGJMB9|EssexPropertyTrust
BBG000BH92D1|MeritorInc
BBG000BN84F3|QuestDiagnostics
BBG0019V9M65|TandemDiabetesCareInc
BBG000BH3JF8|Danaher
BBG000B9YJ35|Amphenol
BBG000DS5588|SpectrumBrandsHoldingsInc
BBG000C5Z443|ColfaxCorp
BBG000DMBXR2|JPMorgan
BBG000BM7HL0|Autodesk
BBG0065B7K59|MedpaceHoldingsInc
BBG000BT9DW0|Southern
BBG000BQTMJ9|PitneyBowes
BBG000BMNBY1|EuronetWorldwideInc
BBG007Z9V591|REGENXBIOInc
BBG000BKR1D6|WWGrainger
BBG001C7PM75|GuidewireSoftwareInc
BBG001CGB489|VeevaSystemsInc
BBG000G30YX4|AlexionPharmaceuticals
BBG000PZGB75|SPSCommerceInc
BBG000BQSBB2|PatrickIndustriesInc
BBG000BGVW60|DominionEnergyInc
BBG005GBRSR6|Marcus&MillichapInc
BBG000BWSGF4|Brown&Brown
BBG00NNG2ZJ8|Xerox
BBG000BKZB36|TheHomeDepot
BBG000H3GDJ8|Kemper
BBG000J1QLT0|ConstellationBrands
BBG0025X16Y5|SageTherapeuticsInc
BBG000BX28M0|USANAHealthSciencesInc
TCS000BKQG80|IACInterActiveCorp
BBG00KHRRDX3|AllogeneTherapeuticsInc
BBG004TPGBP5|MiratiTherapeuticsInc
BBG000BTR593|SouthwesternEnergy
BBG000GQGJT4|TreeHouseFoodsInc
BBG007DLZ601|RhythmPharmaceuticalsInc
BBG0089KM290|UnitedTechnologies
BBG007NLG4L3|CSWIndustrialsInc
BBG000QDVR53|CinemarkHoldingsInc
BBG000BTVJ25|Sysco
BBG000BK2F42|FidelityNationalInformation
BBG000BP6LJ8|AltriaGroup
BBG000DW4LB1|ArmstrongWorldIndustriesInc
BBG001B17MV2|WayfairInc
BBG000N625H8|FreedomHoldingCorp/NV
BBG000BBRPL4|EMCORGroup
BBG000BXM6V2|UnderArmour
BBG000BFPK65|CincinnatiFinancialCorporation
BBG0073F9RT7|LumentumHoldingsInc
BBG00R45JYB7|Arconic
BBG00441QMJ7|SnapInc
BBG000BL4504|ChesapeakeEnergyCorporation
BBG000C42WS4|CompassMineralsInternational
BBG00CZNLR47|VarexImagingCorp
BBG001KJ2HM9|HuntingtonIngallsIndustriesInc
BBG00L2DB535|Sohu.com
BBG000C060M4|AffiliatedManagersGroup
BBG000BKJG33|CorceptTherapeuticsInc
BBG001NDW1Z7|NutanixInc
BBG003PHHZT1|ModernaInc
BBG002832GV8|PBFEnergyInc
BBG000J094P3|RingCentralInc
BBG000FVXD63|RangeResources
BBG000DKCC19|TysonFoods
BBG000KTYB56|CentralGarden&PetCo
BBG000CF5097|GreenbrierCosInc
BBG000L5CJF3|XPOLogisticsInc
BBG000BG88X9|CommVaultSystemsInc
BBG00GBVBK51|BakerHughes
BBG000BC3BJ2|HenkelAG&Co
BBG007KC7PB0|IntelliaTherapeuticsInc
BBG001KY3845|AllisonTransmissionHoldings
BBG000BNNYW1|Mattel
BBG000F1ZSN5|RoperTechnologies
BBG00DW3SZS1|DellTechnologiesInc
BBG000BVVQQ8|Textron
BBG000DPW6P3|AnixterInternationalInc
BBG000CDMJW6|Cal-MaineFoodsInc
BBG000BN5HF7|Lennar
BBG000B9X8C0|Ameren
BBG000H1RYG7|PegasystemsInc
BBG000DR5QP5|Brink’sCo
BBG000BN1M88|LancasterColony
BBG000BQW085|HainCelestialGroupInc
BBG000BRB5D9|VonageHoldingsCorp
BBG000BT7JW9|Snap-on
BBG000BM9RH1|CopartInc
BBG005L86G05|AvanosMedicalInc
BBG000BF4D19|CommunityBankSystem
BBG000F7L5N7|DiscoveryCommunications(B)
BBG000BJ8YN7|FastenalCompany
BBG00KHY5S69|Broadcom
BBG00B3T3HD3|AlcoaCorporation
BBG000C1DHF5|CirrusLogicInc
BBG000BJKPG0|Fiserv
BBG000BSQLT9|SEIInvestmentsCompany
BBG000BK6MB5|GeneralElectricCompany
BBG000BB6R33|MaxLinearInc
BBG000BWBZN1|VarianMedicalSystems
BBG000KLB4Q1|SkyworksSolutions
BBG0016YQTR5|TRIPointeGroupInc
BBG000DCCZW2|AGCOCorp
BBG0019JZ882|KinderMorgan
BBG000BBR9P6|1-800-Flowers.comInc
BBG000B9XYV2|AmericanTower
BBG000F395V1|Coty
BBG000BCLBY5|AstronicsCorp
BBG000BRBX66|PlexusCorp
BBG002Q7J5Z1|TransUnion
BBG000BDDNH5|BallCorporation
BBG000PV2M48|HuronConsultingGroupInc
BBG000RFP8W6|EchoGlobalLogisticsInc
BBG000BPWXK1|NewmontGoldcorpCorporation
BBG000H001V3|HibbettSportsInc
BBG000JYP7L8|CelaneseCorp
BBG000MDCQC2|AmerisourceBergenCorp
BBG000BK5S78|GenescoInc
BBG000BVWLJ6|JohnsonControls
BBG000FH5YM1|FrontierCommunications
BBG000BCT197|AMNHealthcareServicesInc
BBG000BKY1G5|Welltower
BBG003CVMLQ2|LambWestonHoldingsInc
BBG000CHZ857|TotalS.A.
BBG00286S4N9|Phillips66
BBG00LBLCD02|TenableHoldingsInc
BBG000H3FZM6|Stericycle
BBG0033377Y3|HDSupplyHoldingsInc
BBG000DJN7L9|WatscoInc
BBG000BSV0W5|LivePersonInc
BBG000BL16Q7|HEICO
BBG000CSY9H9|BedBath&Beyond
BBG000BHX7N2|EmersonElectric
BBG000NDYB67|GeneralMotors
BBG000BB99S3|SiliconLaboratoriesInc
BBG000QX74T1|ChipotleMexicanGrill
BBG000GCSWR5|InterParfumsInc
BBG000BX4S53|MerckKGaA
BBG000BKFBD7|StateStreet
BBG000FSMWC3|Williams-SonomaInc
BBG003QRSQD3|BenefyttTechnologies
BBG0016SSV00|RenewableEnergyGroupInc
BBG000KHWT55|HP
BBG00CWTTQ41|AdvanSixInc
BBG000DSQLQ0|GrayTelevisionInc
BBG000BNGTQ7|LBrands
BBG000BMX289|COCA-COLA
BBG000BHP8J4|MelcoResorts&Entertainment
BBG000FC7366|MarkelCorp
BBG005P7Q881|AmericanAirlinesGroup
BBG000PYX812|ZumiezInc
BBG000MXH9C1|RedRobinGourmetBurgersInc
BBG000J2XL74|PhilipMorris
BBG000BFQYY3|Colgate-Palmolive
BBG005TJKDZ6|InstalledBuildingProducts
BBG000BP52R2|3MCompany
BBG000BHZ5J9|EQTCorporation
BBG000HCVWW4|FRPHoldingsInc
BBG000S9XXB8|QuinStreetInc
BBG000BZ2QG2|SurmodicsInc
BBG000BBL8V7|QuantaServices
BBG000MBDGM6|Equinix
BBG000BS5170|RoyalGold
BBG000BG14P4|CreeInc
BBG002B04MT8|Uber
BBG000FXW512|PerkinElmer
BBG000BGKHZ3|VeriSign
BBG000D8RG11|NRGEnergy
BBG000BW29L1|UniFirstCorpMA
BBG000BQQH30|ConocoPhillips
BBG000BCD3D5|ArrowElectronicsInc
BBG003NJHZT9|DatadogInc
BBG000BGSPS5|Curtiss-Wright
BBG000HGNYG8|ForresterResearchInc
BBG000BLXZN1|TractorSupply
BBG000BH2JM1|NortonLifeLockInc
BBG000C4LN67|Garmin
BBG002GBMZG4|DuluthHoldingsInc
BBG000MTDW24|SabraHealthCareREITInc
BBG000BBXLW4|AutoNation
BBG000R5HWZ1|AcceleronPharmaInc
BBG000BD2167|ItronInc
BBG000M44VW8|OwensCorning
BBG000BLMZK6|CarMax
BBG000F5YH15|WorldWrestlingEntertainment
BBG001KS9450|2UInc
BBG000DRM643|ICICIBank
BBG000BFL116|FirstSolar
BBG000BVMG26|MKSInstruments
BBG00DL8NMV2|TechnipFMC
BBG005XR47P5|CatalentInc
BBG001QYNR63|QuotientTechnologyInc
BBG000DPZHS3|NatusMedicalInc
BBG000WG2LQ1|GlaukosCorp
BBG002DZS299|AnaplanInc
BBG000FY4S11|Citigroup
BBG000BWVSR1|WasteManagement
BBG000C3VHF1|VicorCorp
BBG000BWB7V4|ValmontIndustries
BBG000BLDXH5|AllscriptsHealthcareSolution
BBG000CGC1X8|Qualcomm
BBG000BCWCG1|BestBuyCo.
BBG000DD3510|ApartmentInvestment&Management
BBG000BP3NW2|CabotMicroelectronics
BBG000BCMWM1|VailResortsInc
BBG000BVXFK6|PerficientInc
BBG000BSHJ96|SandersonFarmsInc
BBG000BF6RQ9|SpiritAirlinesInc
BBG000BMBL90|IllinoisToolWorks
BBG000BVQRY3|Toro
BBG000C3W281|MasimoCorporation
BBG000BJ5GK2|Expeditors
BBG000B9ZXB4|Abbott
BBG002BC7WC5|TrupanionInc
BBG000DSMS70|Illumina
BBG000BM6788|TraneTechnologies
TCS000BM0QL7|AmericanOutdoorBrandsCorp
BBG00D8JC882|YETIHoldingsInc
TCS00B6WH9G3|MatchGroupInc
BBG000BBK4B9|ChinaLifeInsurance
BBG00GVP5JL4|SimplyGoodFoodsCo
BBG000BVP5P2|SLGreenRealty
BBG000KCZPC3|IronMountain
BBG000F6ZWH2|Dick’sSportingGoodsInc
BBG000BLHRS2|Hershey
BBG000BMXK89|NCRCorp
BBG007HTCQT0|Momo
BBG000BJPDZ1|IntuitiveSurgical
BBG000G7QX50|PremierInc
BBG000QTF8K1|DexComInc
BBG00CVQZQ96|ITT
BBG000DVB833|GranIteConstructionInc
BBG000BFJT36|Church&Dwight
BBG00M1CKSK7|SolarWindsCorp
BBG000BFRRX8|CleanHarborsInc
BBG000BWCKB6|VF
BBG000NS03H7|MSGNetworksInc
BBG0022FDRY8|MongoDBInc
BBG000FQ7YR4|LiveNationEntertainmentInc
BBG000DN7P92|Stryker
BBG000BWLMJ4|WalgreensBootsAlliance
BBG000BLW530|EastmanChemicalCompany
BBG000BLRP41|UniversalDisplayCorp
BBG000C23PB0|LeidosHoldings
BBG00HVQF9K2|NationalVisionHoldingsInc
BBG000C45984|Loews
BBG000BD6DD9|MagellanHealthInc
BBG000BKLTM1|MRCGlobalInc
BBG0098VVDT9|Ollie’sBargainOutletHolding
BBG000CHWP52|DiscoveryCommunications(A)
BBG000BMZ7P7|KansasCitySouthern
BBG0056655S1|LGIHomesInc
BBG000D86F25|BWXTechnologies
BBG000BVDLH9|ThermoFisherScientific
BBG000BTT5B8|StandexInternationalCorp
BBG008NXC572|WestRock
BBG00J0BBZL0|SailPointTechnologiesHoldings
BBG000BWPR54|OSISystemsInc
BBG000FH8PX5|Allergan
BBG000BPDXF8|MSASafety
BBG000BGCQT9|CarpenterTechnologyCorp
BBG000H9LNX1|BJ’sRestaurantsInc
BBG000CJZ2W6|SINACorpChina
BBG0029ZX840|TwilioInc
BBG000CB8Q50|UniversalHealthServices
BBG000BV75B7|Tiffany&Co
BBG000DCNK80|RPMInternationalInc
BBG000M65M61|UnitedAirlinesHoldings
BBG000BVV7G1|TexasInstruments
BBG000PV2L86|WyndhamDestinations
BBG000F0KF42|Seagate
TCS651671075|ChesapeakeEnergyCorporation
BBG000PT6BR8|ChathamLodgingTrust
BBG000D9D830|Accenture
BBG000BYZ0Q5|TetraTech
BBG000BNMMJ3|HenrySchein
BBG000DH7JK6|PepsiCo
BBG0077VS2C0|TopBuildCorp
BBG000F6H8W8|CostcoWholesale
BBG000BKWCS0|Hill-RomHoldings
BBG001Q7HP63|RedfinCorp
BBG000BJ91B1|SPPlusCorp
BBG000BKL348|GenuineParts
BBG002BHBHM1|MallinckrodtPLC
BBG000BMFFQ0|JacobsEngineering
BBG000BJD1D4|51job
BBG001DCCGR8|MarathonPetroleum
BBG000BP1Q11|S&PGlobal
BBG000BLK267|Hubbell
BBG005MX5GZ2|EditasMedicineInc
BBG000BKD3K9|BuildersFirstSourceInc
BBG000BB72K8|LincolnElectricHoldings
BBG000BNBDC2|EliLilly&Co
BBG000BC7VW9|MYRGroupInc
BBG003QBJKN0|AllakosInc
BBG000C5QMB5|KornFerry
BBG000F2XXP2|SinclairBroadcastGroupInc
BBG000PQ4W72|GeneracHoldingsInc
BBG000BKZTP3|Harley-Davidson
BBG000BGF8B5|ManTechInternationalCorpVA
BBG000BCWSS3|BrunswickCorpDE
BBG000BCY878|BalchemCorp
BBG000BGGTW5|BlackbaudInc
BBG000BCQZS4|AmericanExpress
BBG000CN3S73|KimcoRealty
BBG000BJ41X2|InsperItyInc
BBG001J19V24|iRhythmTechnologies
BBG000FP1N32|NetApp
BBG000C2PL98|Cullen/FrostBankers
BBG000D1Y3P1|FormFactorInc
BBG000MJRJJ2|HowardHughesCorp
BBG000T8ZF80|Primerica
BBG000BVDBY2|Dril-QuipInc
BBG000BKKQ84|ColumbiaSportswearCompany
BBG000BQ5DS5|NorfolkSouthern
BBG000BWP7D9|WECEnergyGroup
BBG000BGKXV2|CooperTire&RubberCo
BBG000BT1715|JMSmucker
BBG000BSC0K9|DollarTree
BBG009S3NB30|AlphabetClassC
BBG000H3YXF8|Cintas
BBG00MVWLLM2|GossamerBioInc
BBG000HCJMF9|PrudentialFinancial
BBG000BMTFR4|KLA-Tencor
BBG000BD0TF8|FranklinResources
BBG00LV3NRG0|LiventCorporation
BBG000BCNYT9|AvonProducts
BBG000CS0D96|CreditAcceptanceCorp
BBG000BLKK03|Humana
BBG000Q1R1Y9|BerryGlobalGroupInc
BBG000C3J3C9|Cisco
BBG000BMH2Q7|JackHenry&AssociatesInc
BBG000BL46Q4|RegencyCenters
BBG000BMKDM3|Kellogg
BBG000BCZL41|VeriskAnalytics
BBG00KMXKWF9|Perspecta
BBG000BBD070|Hess
BBG006598YS8|PaylocityHoldingCorp
BBG001MKZGY7|YextInc
BBG000C2H3F0|CoreLogicIncUnitedStates
BBG000C0HQ54|EndoInternationalPLC
BBG000BNGBW9|Nokia
BBG000BJDB15|Freeport-McMoRan
BBG00GNC8DL2|MagnoliaOil&GasCorp
BBG000C6CFJ5|GoldmanSachs
BBG000BB0P33|ChinaMobile
BBG000T88BN2|SchrodingerInc
BBG001WTBC36|PostHoldingsInc
BBG000BDXGP9|ConagraBrands
BBG002V87SD0|GlobusMedicalInc
BBG000F1ZSQ2|Mastercard
BBG000BW2QX0|Unum
BBG000BBDZG3|AmericanInternationalGroup
BBG000BS9489|OmnicomGroup
BBG000CRN8N8|ASGNInc
BBG000HSLV70|UltraCleanHoldingsInc
BBG000BDDN94|OilStatesInternationalInc
BBG007FG0C23|MadisonSquareGardenCo
BBG0065XPGX9|WeiboCorporation
BBG000BRVP70|RyderSystem
BBG000PXDL44|LKQCorporation
BBG00K7T3037|BilibiliInc
BBG000BWJFZ4|CFIndustriesHoldings
BBG000BG1DH3|CoherentInc
BBG000BV4DR6|TeradyneInc
BBG000PSXT64|Cooper-StandardHoldingsInc
BBG005BT60Y8|NV5GlobalInc
